"Longitude (x)","Latitude (y)","Station Name","Climate ID","Date/Time","Year","Month","Day","Data Quality","Max Temp (°C)","Max Temp Flag","Min Temp (°C)","Min Temp Flag","Mean Temp (°C)","Mean Temp Flag","Heat Deg Days (°C)","Heat Deg Days Flag","Cool Deg Days (°C)","Cool Deg Days Flag","Total Rain (mm)","Total Rain Flag","Total Snow (cm)","Total Snow Flag","Total Precip (mm)","Total Precip Flag","Snow on Grnd (cm)","Snow on Grnd Flag","Dir of Max Gust (10s deg)","Dir of Max Gust Flag","Spd of Max Gust (km/h)","Spd of Max Gust Flag"
"-72.48","45.88","DRUMMONDVILLE","7022160","2017-01-01","2017","01","01","","-1.0","","-9.0","","-5.0","","23.0","","0.0","","0.0","","0.0","","0.0","","19","","","","",""
"-72.48","45.88","DRUMMONDVILLE","7022160","2017-01-02","2017","01","02","","3.0","","-10.0","","-3.5","","21.5","","0.0","","0.0","","0.0","","0.0","","18","","","","",""
"-72.48","45.88","DRUMMONDVILLE","7022160","2017-01-03","2017","01","03","","1.0","","-10.0","","-4.5","","22.5","","0.0","","7.5","","5.0","","12.5","","18","","","","",""
"-72.48","45.88","DRUMMONDVILLE","7022160","2017-01-04","2017","01","04","","2.0","","-4.0","","-1.0","","19.0","","0.0","","0.0","","","M","","M","22","","","","",""
"-72.48","45.88","DRUMMONDVILLE","7022160","2017-01-05","2017","01","05","","-6.0","","-11.0","","-8.5","","26.5","","0.0","","0.0","","0.0","T","0.0","T","21","","","","",""
"-72.48","45.88","DRUMMONDVILLE","7022160","2017-01-06","2017","01","06","","-7.0","","-12.9","","-10.0","","28.0","","0.0","","0.0","","0.0","","0.0","","20","","","","",""
"-72.48","45.88","DRUMMONDVILLE","7022160","2017-01-07","2017","01","07","","-12.0","","-21.0","","-16.5","","34.5","","0.0","","0.0","","0.0","","0.0","","20","","","","",""
"-72.48","45.88","DRUMMONDVILLE","7022160","2017-01-08","2017","01","08","","-15.0","","-24.5","","-19.8","","37.8","","0.0","","0.0","","0.0","","0.0","","20","","","","",""
"-72.48","45.88","DRUMMONDVILLE","7022160","2017-01-09","2017","01","09","","-8.0","","-24.7","","-16.4","","34.4","","0.0","","0.0","","0.2","","0.2","","20","","","","",""
"-72.48","45.88","DRUMMONDVILLE","7022160","2017-01-10","2017","01","10","","4.0","","-12.0","","-4.0","","22.0","","0.0","","12.2","","0.0","","12.2","","20","","","","",""
"-72.48","45.88","DRUMMONDVILLE","7022160","2017-01-11","2017","01","11","","7.0","","-3.0","","2.0","","16.0","","0.0","","4.0","","0.0","","4.0","","20","","","","",""
"-72.48","45.88","DRUMMONDVILLE","7022160","2017-01-12","2017","01","12","","7.0","","0.0","","3.5","","14.5","","0.0","","4.2","","0.0","","4.2","","15","","","","",""
"-72.48","45.88","DRUMMONDVILLE","7022160","2017-01-13","2017","01","13","","-4.0","","-12.0","","-8.0","","26.0","","0.0","","0.0","","0.0","","0.0","","11","","","","",""
"-72.48","45.88","DRUMMONDVILLE","7022160","2017-01-14","2017","01","14","","-7.0","","-20.0","","-13.5","","31.5","","0.0","","0.0","","0.0","T","0.0","T","11","","","","",""
"-72.48","45.88","DRUMMONDVILLE","7022160","2017-01-15","2017","01","15","","-6.3","","-13.1","","-9.7","","27.7","","0.0","","0.0","","0.0","","0.0","","11","","","","",""
"-72.48","45.88","DRUMMONDVILLE","7022160","2017-01-16","2017","01","16","","1.0","","-14.0","","-6.5","","24.5","","0.0","","0.0","","0.0","","0.0","","10","","","","",""
"-72.48","45.88","DRUMMONDVILLE","7022160","2017-01-17","2017","01","17","","-1.0","","-4.0","","-2.5","","20.5","","0.0","","0.0","","2.0","","2.0","","10","","","","",""
"-72.48","45.88","DRUMMONDVILLE","7022160","2017-01-18","2017","01","18","","1.0","","-7.0","","-3.0","","21.0","","0.0","","0.0","","3.5","","3.5","","12","","","","",""
"-72.48","45.88","DRUMMONDVILLE","7022160","2017-01-19","2017","01","19","","1.5","","-3.0","","-0.8","","18.8","","0.0","","0.0","","0.0","","0.0","","","M","","","",""
"-72.48","45.88","DRUMMONDVILLE","7022160","2017-01-20","2017","01","20","","1.5","","-1.0","","0.3","","17.7","","0.0","","0.0","","0.0","","0.0","","12","","","","",""
"-72.48","45.88","DRUMMONDVILLE","7022160","2017-01-21","2017","01","21","","2.0","","-1.5","","0.3","","17.7","","0.0","","0.0","","0.0","","0.0","","10","","","","",""
"-72.48","45.88","DRUMMONDVILLE","7022160","2017-01-22","2017","01","22","","2.0","","-2.0","","0.0","","18.0","","0.0","","0.0","","0.0","","0.0","","10","","","","",""
"-72.48","45.88","DRUMMONDVILLE","7022160","2017-01-23","2017","01","23","","0.0","","-5.0","","-2.5","","20.5","","0.0","","0.0","T","0.0","","0.0","T","10","","","","",""
"-72.48","45.88","DRUMMONDVILLE","7022160","2017-01-24","2017","01","24","","-2.0","","-6.0","","-4.0","","22.0","","0.0","","0.0","","17.0","","17.0","","10","","","","",""
"-72.48","45.88","DRUMMONDVILLE","7022160","2017-01-25","2017","01","25","","1.0","","-5.0","","-2.0","","20.0","","0.0","","0.0","","6.0","","6.0","","23","","","","",""
"-72.48","45.88","DRUMMONDVILLE","7022160","2017-01-26","2017","01","26","","1.0","","-3.0","","-1.0","","19.0","","0.0","","0.0","","5.0","","5.0","","30","","","","",""
"-72.48","45.88","DRUMMONDVILLE","7022160","2017-01-27","2017","01","27","","-1.0","","-4.5","","-2.8","","20.8","","0.0","","0.0","","3.0","","3.0","","30","","","","",""
"-72.48","45.88","DRUMMONDVILLE","7022160","2017-01-28","2017","01","28","","-0.5","","-5.5","","-3.0","","21.0","","0.0","","0.0","","2.0","","2.0","","31","","","","",""
"-72.48","45.88","DRUMMONDVILLE","7022160","2017-01-29","2017","01","29","","-0.5","","-4.5","","-2.5","","20.5","","0.0","","0.0","","","M","","M","33","","","","",""
"-72.48","45.88","DRUMMONDVILLE","7022160","2017-01-30","2017","01","30","","-5.4","","-12.0","","-8.7","","26.7","","0.0","","0.0","","1.0","","1.0","","","M","","","",""
"-72.48","45.88","DRUMMONDVILLE","7022160","2017-01-31","2017","01","31","","-7.0","","-19.0","","-13.0","","31.0","","0.0","","0.0","","2.0","","2.0","","32","","","","",""
"-72.48","45.88","DRUMMONDVILLE","7022160","2017-02-01","2017","02","01","","-6.0","","-21.6","","-13.8","","31.8","","0.0","","0.0","","3.0","","3.0","","34","","","","",""
"-72.48","45.88","DRUMMONDVILLE","7022160","2017-02-02","2017","02","02","","-7.0","","-13.8","","-10.4","","28.4","","0.0","","0.0","","1.5","","1.5","","36","","","","",""
"-72.48","45.88","DRUMMONDVILLE","7022160","2017-02-03","2017","02","03","","-7.0","","-14.1","","-10.6","","28.6","","0.0","","0.0","","0.0","","0.0","","34","","","","",""
"-72.48","45.88","DRUMMONDVILLE","7022160","2017-02-04","2017","02","04","","-5.5","","-18.0","","-11.8","","29.8","","0.0","","0.0","","1.0","","1.0","","34","","","","",""
"-72.48","45.88","DRUMMONDVILLE","7022160","2017-02-05","2017","02","05","","-1.0","","-7.0","","-4.0","","22.0","","0.0","","0.0","","2.0","","2.0","","34","","","","",""
"-72.48","45.88","DRUMMONDVILLE","7022160","2017-02-06","2017","02","06","","-12.0","","-16.0","","-14.0","","32.0","","0.0","","0.0","","0.0","T","0.0","T","","M","","","",""
"-72.48","45.88","DRUMMONDVILLE","7022160","2017-02-07","2017","02","07","","4.0","","-13.6","","-4.8","","22.8","","0.0","","0.0","","0.0","T","0.0","T","29","","","","",""
"-72.48","45.88","DRUMMONDVILLE","7022160","2017-02-08","2017","02","08","","2.6","","-8.0","","-2.7","","20.7","","0.0","","0.0","","0.0","","0.0","","33","","","","",""
"-72.48","45.88","DRUMMONDVILLE","7022160","2017-02-09","2017","02","09","","-13.0","","-17.0","","-15.0","","33.0","","0.0","","0.0","","2.0","","2.0","","32","","","","",""
"-72.48","45.88","DRUMMONDVILLE","7022160","2017-02-10","2017","02","10","","-13.0","","-21.0","","-17.0","","35.0","","0.0","","0.0","","2.0","","2.0","","","M","","","",""
"-72.48","45.88","DRUMMONDVILLE","7022160","2017-02-11","2017","02","11","","-8.0","","-17.0","","-12.5","","30.5","","0.0","","0.0","","1.0","","1.0","","","M","","","",""
"-72.48","45.88","DRUMMONDVILLE","7022160","2017-02-12","2017","02","12","","-3.5","","-19.0","","-11.3","","29.3","","0.0","","0.0","","10.5","","10.5","","34","","","","",""
"-72.48","45.88","DRUMMONDVILLE","7022160","2017-02-13","2017","02","13","","-3.7","","-11.0","","-7.4","","25.4","","0.0","","0.0","","0.0","T","0.0","T","43","","","","",""
"-72.48","45.88","DRUMMONDVILLE","7022160","2017-02-14","2017","02","14","","-3.0","","-15.0","","-9.0","","27.0","","0.0","","0.0","","2.0","","2.0","","42","","","","",""
"-72.48","45.88","DRUMMONDVILLE","7022160","2017-02-15","2017","02","15","","0.0","","-12.0","","-6.0","","24.0","","0.0","","0.0","","10.0","","10.0","","40","","","","",""
"-72.48","45.88","DRUMMONDVILLE","7022160","2017-02-16","2017","02","16","","-1.0","","-7.0","","-4.0","","22.0","","0.0","","0.0","","1.5","","1.5","","50","","","","",""
"-72.48","45.88","DRUMMONDVILLE","7022160","2017-02-17","2017","02","17","","-3.3","","-10.0","","-6.7","","24.7","","0.0","","0.0","","0.0","","0.0","","53","","","","",""
"-72.48","45.88","DRUMMONDVILLE","7022160","2017-02-18","2017","02","18","","7.0","","-9.0","","-1.0","","19.0","","0.0","","0.0","","0.0","","0.0","","50","","","","",""
"-72.48","45.88","DRUMMONDVILLE","7022160","2017-02-19","2017","02","19","","7.0","","2.5","","4.8","","13.2","","0.0","","0.0","","0.0","","0.0","","45","","","","",""
"-72.48","45.88","DRUMMONDVILLE","7022160","2017-02-20","2017","02","20","","1.0","","-4.0","","-1.5","","19.5","","0.0","","0.0","","0.0","","0.0","","42","","","","",""
"-72.48","45.88","DRUMMONDVILLE","7022160","2017-02-21","2017","02","21","","5.0","","-15.0","","-5.0","","23.0","","0.0","","0.0","","0.0","","0.0","","42","","","","",""
"-72.48","45.88","DRUMMONDVILLE","7022160","2017-02-22","2017","02","22","","7.0","","0.0","","3.5","","14.5","","0.0","","0.0","","0.0","","0.0","","42","","","","",""
"-72.48","45.88","DRUMMONDVILLE","7022160","2017-02-23","2017","02","23","","15.3","","-3.0","","6.2","","11.8","","0.0","","0.2","","0.0","","0.2","","42","","","","",""
"-72.48","45.88","DRUMMONDVILLE","7022160","2017-02-24","2017","02","24","","5.0","","0.5","","2.8","","15.2","","0.0","","11.4","","0.0","","11.4","","30","","","","",""
"-72.48","45.88","DRUMMONDVILLE","7022160","2017-02-25","2017","02","25","","16.0","","-0.5","","7.8","","10.2","","0.0","","","M","1.0","","","M","27","","","","",""
"-72.48","45.88","DRUMMONDVILLE","7022160","2017-02-26","2017","02","26","","-0.1","","-6.0","","-3.1","","21.1","","0.0","","0.0","","0.0","","0.0","","20","","","","",""
"-72.48","45.88","DRUMMONDVILLE","7022160","2017-02-27","2017","02","27","","5.0","","-7.0","","-1.0","","19.0","","0.0","","0.0","","0.0","","0.0","","20","","","","",""
"-72.48","45.88","DRUMMONDVILLE","7022160","2017-02-28","2017","02","28","","7.8","","-7.0","","0.4","","17.6","","0.0","","0.8","","0.0","","0.8","","18","","","","",""
"-72.48","45.88","DRUMMONDVILLE","7022160","2017-03-01","2017","03","01","","9.5","","2.0","","5.8","","12.2","","0.0","","","M","2.0","","","M","12","","","","",""
"-72.48","45.88","DRUMMONDVILLE","7022160","2017-03-02","2017","03","02","","-4.3","","-9.0","","-6.7","","24.7","","0.0","","0.0","","4.0","","4.0","","12","","","","",""
"-72.48","45.88","DRUMMONDVILLE","7022160","2017-03-03","2017","03","03","","-8.8","","-14.6","","-11.7","","29.7","","0.0","","0.0","","","M","","M","","M","","","",""
"-72.48","45.88","DRUMMONDVILLE","7022160","2017-03-04","2017","03","04","","-13.0","","-19.9","","-16.5","","34.5","","0.0","","0.0","","0.0","","0.0","","10","","","","",""
"-72.48","45.88","DRUMMONDVILLE","7022160","2017-03-05","2017","03","05","","-6.8","","-18.5","","-12.7","","30.7","","0.0","","0.0","","0.0","","0.0","","8","","","","",""
"-72.48","45.88","DRUMMONDVILLE","7022160","2017-03-06","2017","03","06","","0.9","","-15.6","","-7.4","","25.4","","0.0","","0.7","","0.0","","0.7","","","M","","","",""
"-72.48","45.88","DRUMMONDVILLE","7022160","2017-03-07","2017","03","07","","5.0","","-3.5","","0.8","","17.2","","0.0","","13.0","","0.0","","13.0","","","M","","","",""
"-72.48","45.88","DRUMMONDVILLE","7022160","2017-03-08","2017","03","08","","10.0","","0.0","","5.0","","13.0","","0.0","","1.0","","0.0","T","1.0","","4","","","","",""
"-72.48","45.88","DRUMMONDVILLE","7022160","2017-03-09","2017","03","09","","-2.0","","-5.0","","-3.5","","21.5","","0.0","","0.0","","0.0","","0.0","","2","","","","",""
"-72.48","45.88","DRUMMONDVILLE","7022160","2017-03-10","2017","03","10","","-7.6","","-11.5","","-9.6","","27.6","","0.0","","0.0","","0.5","","0.5","","2","","","","",""
"-72.48","45.88","DRUMMONDVILLE","7022160","2017-03-11","2017","03","11","","-17.0","","-22.5","","-19.8","","37.8","","0.0","","0.0","","0.0","","0.0","","3","","","","",""
"-72.48","45.88","DRUMMONDVILLE","7022160","2017-03-12","2017","03","12","","-11.0","","-17.9","","-14.5","","32.5","","0.0","","0.0","","0.0","","0.0","","3","","","","",""
"-72.48","45.88","DRUMMONDVILLE","7022160","2017-03-13","2017","03","13","","-9.0","","-17.5","","-13.3","","31.3","","0.0","","0.0","","0.0","","0.0","","3","","","","",""
"-72.48","45.88","DRUMMONDVILLE","7022160","2017-03-14","2017","03","14","","-6.1","","-11.5","","-8.8","","26.8","","0.0","","0.0","","52.0","","52.0","","3","","","","",""
"-72.48","45.88","DRUMMONDVILLE","7022160","2017-03-15","2017","03","15","","-4.0","","-8.7","","-6.4","","24.4","","0.0","","0.0","","12.0","","12.0","","53","","","","",""
"-72.48","45.88","DRUMMONDVILLE","7022160","2017-03-16","2017","03","16","","-5.9","","-10.6","","-8.3","","26.3","","0.0","","0.0","","1.0","","1.0","","51","","","","",""
"-72.48","45.88","DRUMMONDVILLE","7022160","2017-03-17","2017","03","17","","-2.6","","-16.1","","-9.4","","27.4","","0.0","","0.0","","0.0","","0.0","","45","","","","",""
"-72.48","45.88","DRUMMONDVILLE","7022160","2017-03-18","2017","03","18","","2.0","","-21.0","","-9.5","","27.5","","0.0","","0.0","","0.0","","0.0","","40","","","","",""
"-72.48","45.88","DRUMMONDVILLE","7022160","2017-03-19","2017","03","19","","4.5","","-14.0","","-4.8","","22.8","","0.0","","0.0","","0.0","","0.0","","36","","","","",""
"-72.48","45.88","DRUMMONDVILLE","7022160","2017-03-20","2017","03","20","","6.0","","-13.5","","-3.8","","21.8","","0.0","","0.0","","0.0","","0.0","","33","","","","",""
"-72.48","45.88","DRUMMONDVILLE","7022160","2017-03-21","2017","03","21","","6.0","","0.0","","3.0","","15.0","","0.0","","0.0","","8.0","","8.0","","27","","","","",""
"-72.48","45.88","DRUMMONDVILLE","7022160","2017-03-22","2017","03","22","","-8.0","","-14.2","","-11.1","","29.1","","0.0","","0.0","","0.0","","0.0","","24","","","","",""
"-72.48","45.88","DRUMMONDVILLE","7022160","2017-03-23","2017","03","23","","-2.0","","-17.0","","-9.5","","27.5","","0.0","","0.0","","0.0","","0.0","","24","","","","",""
"-72.48","45.88","DRUMMONDVILLE","7022160","2017-03-24","2017","03","24","","1.0","","-6.0","","-2.5","","20.5","","0.0","","0.0","","5.0","","5.0","","24","","","","",""
"-72.48","45.88","DRUMMONDVILLE","7022160","2017-03-25","2017","03","25","","2.0","","-5.0","","-1.5","","19.5","","0.0","","0.0","","0.0","","0.0","","30","","","","",""
"-72.48","45.88","DRUMMONDVILLE","7022160","2017-03-26","2017","03","26","","4.5","","-16.0","","-5.8","","23.8","","0.0","","2.4","","0.0","","2.4","","25","","","","",""
"-72.48","45.88","DRUMMONDVILLE","7022160","2017-03-27","2017","03","27","","4.0","","0.0","","2.0","","16.0","","0.0","","10.4","","0.0","","10.4","","20","","","","",""
"-72.48","45.88","DRUMMONDVILLE","7022160","2017-03-28","2017","03","28","","4.0","","0.0","","2.0","","16.0","","0.0","","7.0","","0.0","","7.0","","14","","","","",""
"-72.48","45.88","DRUMMONDVILLE","7022160","2017-03-29","2017","03","29","","5.0","","-1.5","","1.8","","16.2","","0.0","","0.4","","0.0","","0.4","","16","","","","",""
"-72.48","45.88","DRUMMONDVILLE","7022160","2017-03-30","2017","03","30","","5.0","","-3.0","","1.0","","17.0","","0.0","","0.0","","0.0","","0.0","","15","","","","",""
"-72.48","45.88","DRUMMONDVILLE","7022160","2017-03-31","2017","03","31","","7.0","","-3.0","","2.0","","16.0","","0.0","","0.0","","7.0","","7.0","","14","","","","",""
"-72.48","45.88","DRUMMONDVILLE","7022160","2017-04-01","2017","04","01","","2.0","","-1.0","","0.5","","17.5","","0.0","","0.0","","1.0","","1.0","","13","","","","",""
"-72.48","45.88","DRUMMONDVILLE","7022160","2017-04-02","2017","04","02","","7.0","","-2.0","","2.5","","15.5","","0.0","","0.0","","0.0","","0.0","","12","","","","",""
"-72.48","45.88","DRUMMONDVILLE","7022160","2017-04-03","2017","04","03","","7.0","","-4.0","","1.5","","16.5","","0.0","","0.6","","0.0","","0.6","","10","","","","",""
"-72.48","45.88","DRUMMONDVILLE","7022160","2017-04-04","2017","04","04","","4.0","","0.0","","2.0","","16.0","","0.0","","20.0","","0.0","","20.0","","7","","","","",""
"-72.48","45.88","DRUMMONDVILLE","7022160","2017-04-05","2017","04","05","","6.0","","1.5","","3.8","","14.2","","0.0","","2.2","","0.0","","2.2","","2","","","","",""
"-72.48","45.88","DRUMMONDVILLE","7022160","2017-04-06","2017","04","06","","6.0","","-1.0","","2.5","","15.5","","0.0","","36.3","","0.0","","36.3","","0","","","","",""
"-72.48","45.88","DRUMMONDVILLE","7022160","2017-04-07","2017","04","07","","6.0","","1.0","","3.5","","14.5","","0.0","","10.0","","0.0","","10.0","","0","","","","",""
"-72.48","45.88","DRUMMONDVILLE","7022160","2017-04-08","2017","04","08","","5.0","","0.0","","2.5","","15.5","","0.0","","0.0","","0.0","","0.0","","0","","","","",""
"-72.48","45.88","DRUMMONDVILLE","7022160","2017-04-09","2017","04","09","","15.9","","-4.0","","6.0","","12.0","","0.0","","1.4","","0.0","","1.4","","0","","","","",""
"-72.48","45.88","DRUMMONDVILLE","7022160","2017-04-10","2017","04","10","","26.0","","5.0","","15.5","","2.5","","0.0","","4.8","","0.0","","4.8","","0","","","","",""
"-72.48","45.88","DRUMMONDVILLE","7022160","2017-04-11","2017","04","11","","7.2","","5.0","","6.1","","11.9","","0.0","","3.2","","0.0","","3.2","","0","","","","",""
"-72.48","45.88","DRUMMONDVILLE","7022160","2017-04-12","2017","04","12","","11.0","","3.0","","7.0","","11.0","","0.0","","0.0","","0.0","","0.0","","0","","","","",""
"-72.48","45.88","DRUMMONDVILLE","7022160","2017-04-13","2017","04","13","","13.5","","2.0","","7.8","","10.2","","0.0","","0.0","","0.0","","0.0","","0","","","","",""
"-72.48","45.88","DRUMMONDVILLE","7022160","2017-04-14","2017","04","14","","14.5","","-1.9","","6.3","","11.7","","0.0","","0.0","","0.0","","0.0","","0","","","","",""
"-72.48","45.88","DRUMMONDVILLE","7022160","2017-04-15","2017","04","15","","20.0","","4.5","","12.3","","5.7","","0.0","","5.6","","0.0","","5.6","","0","","","","",""
"-72.48","45.88","DRUMMONDVILLE","7022160","2017-04-16","2017","04","16","","15.0","","9.0","","12.0","","6.0","","0.0","","19.8","","0.0","","19.8","","0","","","","",""
"-72.48","45.88","DRUMMONDVILLE","7022160","2017-04-17","2017","04","17","","9.0","","2.5","","5.8","","12.2","","0.0","","0.4","","0.0","","0.4","","0","","","","",""
"-72.48","45.88","DRUMMONDVILLE","7022160","2017-04-18","2017","04","18","","9.0","","-1.0","","4.0","","14.0","","0.0","","0.0","","0.0","","0.0","","0","","","","",""
"-72.48","45.88","DRUMMONDVILLE","7022160","2017-04-19","2017","04","19","","11.0","","1.0","","6.0","","12.0","","0.0","","8.0","","0.0","","8.0","","0","","","","",""
"-72.48","45.88","DRUMMONDVILLE","7022160","2017-04-20","2017","04","20","","10.0","","4.0","","7.0","","11.0","","0.0","","0.0","","0.0","","0.0","","0","","","","",""
"-72.48","45.88","DRUMMONDVILLE","7022160","2017-04-21","2017","04","21","","9.0","","5.0","","7.0","","11.0","","0.0","","5.8","","0.0","","5.8","","0","","","","",""
"-72.48","45.88","DRUMMONDVILLE","7022160","2017-04-22","2017","04","22","","9.0","","6.0","","7.5","","10.5","","0.0","","1.4","","0.0","","1.4","","0","","","","",""
"-72.48","45.88","DRUMMONDVILLE","7022160","2017-04-23","2017","04","23","","17.0","","0.0","","8.5","","9.5","","0.0","","0.0","","0.0","","0.0","","0","","","","",""
"-72.48","45.88","DRUMMONDVILLE","7022160","2017-04-24","2017","04","24","","8.0","","-2.1","","3.0","","15.0","","0.0","","0.0","","0.0","","0.0","","0","","","","",""
"-72.48","45.88","DRUMMONDVILLE","7022160","2017-04-25","2017","04","25","","19.0","","-1.0","","9.0","","9.0","","0.0","","8.4","","0.0","","8.4","","0","","","","",""
"-72.48","45.88","DRUMMONDVILLE","7022160","2017-04-26","2017","04","26","","19.5","","7.0","","13.3","","4.7","","0.0","","0.5","","0.0","","0.5","","0","","","","",""
"-72.48","45.88","DRUMMONDVILLE","7022160","2017-04-27","2017","04","27","","23.0","","8.5","","15.8","","2.2","","0.0","","0.0","","0.0","","0.0","","0","","","","",""
"-72.48","45.88","DRUMMONDVILLE","7022160","2017-04-28","2017","04","28","","20.9","","9.0","","15.0","","3.0","","0.0","","0.0","","0.0","","0.0","","0","","","","",""
"-72.48","45.88","DRUMMONDVILLE","7022160","2017-04-29","2017","04","29","","20.4","","9.8","","15.1","","2.9","","0.0","","0.0","","0.0","","0.0","","0","","","","",""
"-72.48","45.88","DRUMMONDVILLE","7022160","2017-04-30","2017","04","30","","9.5","","1.5","","5.5","","12.5","","0.0","","","M","0.0","","","M","0","","","","",""
"-72.48","45.88","DRUMMONDVILLE","7022160","2017-05-01","2017","05","01","","15.0","","4.5","","9.8","","8.2","","0.0","","19.0","","0.0","","19.0","","0","","","","",""
"-72.48","45.88","DRUMMONDVILLE","7022160","2017-05-02","2017","05","02","","17.5","","8.0","","12.8","","5.2","","0.0","","3.2","","0.0","","3.2","","0","","","","",""
"-72.48","45.88","DRUMMONDVILLE","7022160","2017-05-03","2017","05","03","","10.3","","6.5","","8.4","","9.6","","0.0","","","M","0.0","","","M","","M","","","",""
"-72.48","45.88","DRUMMONDVILLE","7022160","2017-05-04","2017","05","04","","15.8","","0.0","","7.9","","10.1","","0.0","","","M","0.0","","","M","0","","","","",""
"-72.48","45.88","DRUMMONDVILLE","7022160","2017-05-05","2017","05","05","","11.0","","7.0","","9.0","","9.0","","0.0","","9.5","","0.0","","9.5","","0","","","","",""
"-72.48","45.88","DRUMMONDVILLE","7022160","2017-05-06","2017","05","06","","19.5","","5.5","","12.5","","5.5","","0.0","","5.2","","0.0","","5.2","","0","","","","",""
"-72.48","45.88","DRUMMONDVILLE","7022160","2017-05-07","2017","05","07","","11.0","","8.0","","9.5","","8.5","","0.0","","9.2","","0.0","","9.2","","0","","","","",""
"-72.48","45.88","DRUMMONDVILLE","7022160","2017-05-08","2017","05","08","","5.0","","2.0","","3.5","","14.5","","0.0","","2.0","","0.0","","2.0","","0","","","","",""
"-72.48","45.88","DRUMMONDVILLE","7022160","2017-05-09","2017","05","09","","9.1","","-1.0","","4.1","","13.9","","0.0","","","M","0.0","","","M","0","","","","",""
"-72.48","45.88","DRUMMONDVILLE","7022160","2017-05-10","2017","05","10","","9.8","","4.0","","6.9","","11.1","","0.0","","","M","0.0","","","M","","M","","","",""
"-72.48","45.88","DRUMMONDVILLE","7022160","2017-05-11","2017","05","11","","13.0","","5.1","","9.1","","8.9","","0.0","","0.0","","0.0","","0.0","","","M","","","",""
"-72.48","45.88","DRUMMONDVILLE","7022160","2017-05-12","2017","05","12","","19.0","","5.0","","12.0","","6.0","","0.0","","0.0","","0.0","","0.0","","0","","","","",""
"-72.48","45.88","DRUMMONDVILLE","7022160","2017-05-13","2017","05","13","","19.9","","7.0","","13.5","","4.5","","0.0","","5.2","","0.0","","5.2","","0","","","","",""
"-72.48","45.88","DRUMMONDVILLE","7022160","2017-05-14","2017","05","14","","11.5","","8.0","","9.8","","8.2","","0.0","","7.0","","0.0","","7.0","","0","","","","",""
"-72.48","45.88","DRUMMONDVILLE","7022160","2017-05-15","2017","05","15","","20.0","","8.0","","14.0","","4.0","","0.0","","0.0","","0.0","","0.0","","0","","","","",""
"-72.48","45.88","DRUMMONDVILLE","7022160","2017-05-16","2017","05","16","","23.0","","9.5","","16.3","","1.7","","0.0","","0.0","","0.0","","0.0","","0","","","","",""
"-72.48","45.88","DRUMMONDVILLE","7022160","2017-05-17","2017","05","17","","30.0","","11.5","","20.8","","0.0","","2.8","","0.0","","0.0","","0.0","","0","","","","",""
"-72.48","45.88","DRUMMONDVILLE","7022160","2017-05-18","2017","05","18","","31.0","","18.5","","24.8","","0.0","","6.8","","0.8","","0.0","","0.8","","0","","","","",""
"-72.48","45.88","DRUMMONDVILLE","7022160","2017-05-19","2017","05","19","","16.0","","9.0","","12.5","","5.5","","0.0","","0.0","","0.0","","0.0","","0","","","","",""
"-72.48","45.88","DRUMMONDVILLE","7022160","2017-05-20","2017","05","20","","17.0","","4.0","","10.5","","7.5","","0.0","","0.0","","0.0","","0.0","","0","","","","",""
"-72.48","45.88","DRUMMONDVILLE","7022160","2017-05-21","2017","05","21","","20.5","","4.0","","12.3","","5.7","","0.0","","3.0","","0.0","","3.0","","0","","","","",""
"-72.48","45.88","DRUMMONDVILLE","7022160","2017-05-22","2017","05","22","","14.0","","10.0","","12.0","","6.0","","0.0","","0.0","","0.0","","0.0","","0","","","","",""
"-72.48","45.88","DRUMMONDVILLE","7022160","2017-05-23","2017","05","23","","22.0","","9.0","","15.5","","2.5","","0.0","","0.2","","0.0","","0.2","","0","","","","",""
"-72.48","45.88","DRUMMONDVILLE","7022160","2017-05-24","2017","05","24","","24.0","","9.0","","16.5","","1.5","","0.0","","0.0","","0.0","","0.0","","0","","","","",""
"-72.48","45.88","DRUMMONDVILLE","7022160","2017-05-25","2017","05","25","","21.0","","10.1","","15.6","","2.4","","0.0","","12.8","","0.0","","12.8","","0","","","","",""
"-72.48","45.88","DRUMMONDVILLE","7022160","2017-05-26","2017","05","26","","15.0","","11.0","","13.0","","5.0","","0.0","","","M","0.0","","","M","0","","","","",""
"-72.48","45.88","DRUMMONDVILLE","7022160","2017-05-27","2017","05","27","","21.0","","8.0","","14.5","","3.5","","0.0","","0.0","","0.0","","0.0","","0","","","","",""
"-72.48","45.88","DRUMMONDVILLE","7022160","2017-05-28","2017","05","28","","26.0","","11.0","","18.5","","0.0","","0.5","","0.0","","0.0","","0.0","","0","","","","",""
"-72.48","45.88","DRUMMONDVILLE","7022160","2017-05-29","2017","05","29","","20.0","","10.0","","15.0","","3.0","","0.0","","4.0","","0.0","","4.0","","0","","","","",""
"-72.48","45.88","DRUMMONDVILLE","7022160","2017-05-30","2017","05","30","","17.5","","10.0","","13.8","","4.2","","0.0","","2.5","","0.0","","2.5","","0","","","","",""
"-72.48","45.88","DRUMMONDVILLE","7022160","2017-05-31","2017","05","31","","23.0","","12.0","","17.5","","0.5","","0.0","","4.0","","0.0","","4.0","","0","","","","",""
"-72.48","45.88","DRUMMONDVILLE","7022160","2017-06-01","2017","06","01","","20.0","","12.0","","16.0","","2.0","","0.0","","0.0","","0.0","","0.0","","0","","","","",""
"-72.48","45.88","DRUMMONDVILLE","7022160","2017-06-02","2017","06","02","","15.5","","7.0","","11.3","","6.7","","0.0","","1.0","","0.0","","1.0","","0","","","","",""
"-72.48","45.88","DRUMMONDVILLE","7022160","2017-06-03","2017","06","03","","16.0","","8.0","","12.0","","6.0","","0.0","","1.0","","0.0","","1.0","","0","","","","",""
"-72.48","45.88","DRUMMONDVILLE","7022160","2017-06-04","2017","06","04","","23.0","","7.5","","15.3","","2.7","","0.0","","","M","0.0","","","M","0","","","","",""
"-72.48","45.88","DRUMMONDVILLE","7022160","2017-06-05","2017","06","05","","16.0","","12.0","","14.0","","4.0","","0.0","","14.0","","0.0","","14.0","","0","","","","",""
"-72.48","45.88","DRUMMONDVILLE","7022160","2017-06-06","2017","06","06","","19.0","","10.0","","14.5","","3.5","","0.0","","0.0","","0.0","","0.0","","0","","","","",""
"-72.48","45.88","DRUMMONDVILLE","7022160","2017-06-07","2017","06","07","","26.0","","7.0","","16.5","","1.5","","0.0","","0.0","","0.0","","0.0","","0","","","","",""
"-72.48","45.88","DRUMMONDVILLE","7022160","2017-06-08","2017","06","08","","29.0","","14.0","","21.5","","0.0","","3.5","","0.0","","0.0","","0.0","","0","","","","",""
"-72.48","45.88","DRUMMONDVILLE","7022160","2017-06-09","2017","06","09","","25.0","","16.0","","20.5","","0.0","","2.5","","0.0","","0.0","","0.0","","0","","","","",""
"-72.48","45.88","DRUMMONDVILLE","7022160","2017-06-10","2017","06","10","","26.0","","8.0","","17.0","","1.0","","0.0","","0.5","","0.0","","0.5","","0","","","","",""
"-72.48","45.88","DRUMMONDVILLE","7022160","2017-06-11","2017","06","11","","31.0","","19.5","","25.3","","0.0","","7.3","","2.5","","0.0","","2.5","","0","","","","",""
"-72.48","45.88","DRUMMONDVILLE","7022160","2017-06-12","2017","06","12","","32.0","","19.1","","25.6","","0.0","","7.6","","","M","0.0","","","M","0","","","","",""
"-72.48","45.88","DRUMMONDVILLE","7022160","2017-06-13","2017","06","13","","26.0","","20.5","","23.3","","0.0","","5.3","","0.0","","0.0","","0.0","","0","","","","",""
"-72.48","45.88","DRUMMONDVILLE","7022160","2017-06-14","2017","06","14","","18.8","","10.4","","14.6","","3.4","","0.0","","0.0","","0.0","","0.0","","0","","","","",""
"-72.48","45.88","DRUMMONDVILLE","7022160","2017-06-15","2017","06","15","","22.5","","6.5","","14.5","","3.5","","0.0","","20.0","","0.0","","20.0","","0","","","","",""
"-72.48","45.88","DRUMMONDVILLE","7022160","2017-06-16","2017","06","16","","20.0","","13.0","","16.5","","1.5","","0.0","","9.6","","0.0","","9.6","","0","","","","",""
"-72.48","45.88","DRUMMONDVILLE","7022160","2017-06-17","2017","06","17","","28.0","","15.0","","21.5","","0.0","","3.5","","0.0","","0.0","","0.0","","0","","","","",""
"-72.48","45.88","DRUMMONDVILLE","7022160","2017-06-18","2017","06","18","","32.0","","20.0","","26.0","","0.0","","8.0","","2.0","","0.0","","2.0","","0","","","","",""
"-72.48","45.88","DRUMMONDVILLE","7022160","2017-06-19","2017","06","19","","26.0","","21.0","","23.5","","0.0","","5.5","","1.4","","0.0","","1.4","","0","","","","",""
"-72.48","45.88","DRUMMONDVILLE","7022160","2017-06-20","2017","06","20","","25.0","","15.4","","20.2","","0.0","","2.2","","6.2","","0.0","","6.2","","0","","","","",""
"-72.48","45.88","DRUMMONDVILLE","7022160","2017-06-21","2017","06","21","","21.0","","14.5","","17.8","","0.2","","0.0","","2.2","","0.0","","2.2","","0","","","","",""
"-72.48","45.88","DRUMMONDVILLE","7022160","2017-06-22","2017","06","22","","24.0","","12.0","","18.0","","0.0","","0.0","","1.0","","0.0","","1.0","","0","","","","",""
"-72.48","45.88","DRUMMONDVILLE","7022160","2017-06-23","2017","06","23","","26.0","","15.0","","20.5","","0.0","","2.5","","9.0","","0.0","","9.0","","0","","","","",""
"-72.48","45.88","DRUMMONDVILLE","7022160","2017-06-24","2017","06","24","","26.0","","16.0","","21.0","","0.0","","3.0","","0.0","","0.0","","0.0","","0","","","","",""
"-72.48","45.88","DRUMMONDVILLE","7022160","2017-06-25","2017","06","25","","21.0","","12.0","","16.5","","1.5","","0.0","","9.0","","0.0","","9.0","","0","","","","",""
"-72.48","45.88","DRUMMONDVILLE","7022160","2017-06-26","2017","06","26","","22.0","","12.0","","17.0","","1.0","","0.0","","0.0","","0.0","","0.0","","0","","","","",""
"-72.48","45.88","DRUMMONDVILLE","7022160","2017-06-27","2017","06","27","","22.0","","13.0","","17.5","","0.5","","0.0","","1.0","","0.0","","1.0","","0","","","","",""
"-72.48","45.88","DRUMMONDVILLE","7022160","2017-06-28","2017","06","28","","22.0","","11.0","","16.5","","1.5","","0.0","","4.0","","0.0","","4.0","","0","","","","",""
"-72.48","45.88","DRUMMONDVILLE","7022160","2017-06-29","2017","06","29","","22.8","","13.4","","18.1","","0.0","","0.1","","","M","0.0","","","M","0","","","","",""
"-72.48","45.88","DRUMMONDVILLE","7022160","2017-06-30","2017","06","30","","23.0","","14.0","","18.5","","0.0","","0.5","","6.2","","0.0","","6.2","","0","","","","",""
"-72.48","45.88","DRUMMONDVILLE","7022160","2017-07-01","2017","07","01","","24.5","","18.5","","21.5","","0.0","","3.5","","2.1","","0.0","","2.1","","0","","","","",""
"-72.48","45.88","DRUMMONDVILLE","7022160","2017-07-02","2017","07","02","","24.0","","17.5","","20.8","","0.0","","2.8","","0.0","","0.0","","0.0","","0","","","","",""
"-72.48","45.88","DRUMMONDVILLE","7022160","2017-07-03","2017","07","03","","25.0","","16.0","","20.5","","0.0","","2.5","","0.0","","0.0","","0.0","","0","","","","",""
"-72.48","45.88","DRUMMONDVILLE","7022160","2017-07-04","2017","07","04","","26.0","","14.0","","20.0","","0.0","","2.0","","0.0","","0.0","","0.0","","0","","","","",""
"-72.48","45.88","DRUMMONDVILLE","7022160","2017-07-05","2017","07","05","","27.0","","12.5","","19.8","","0.0","","1.8","","0.0","","0.0","","0.0","","0","","","","",""
"-72.48","45.88","DRUMMONDVILLE","7022160","2017-07-06","2017","07","06","","28.0","","16.0","","22.0","","0.0","","4.0","","2.0","","0.0","","2.0","","0","","","","",""
"-72.48","45.88","DRUMMONDVILLE","7022160","2017-07-07","2017","07","07","","28.0","","18.0","","23.0","","0.0","","5.0","","23.6","","0.0","","23.6","","0","","","","",""
"-72.48","45.88","DRUMMONDVILLE","7022160","2017-07-08","2017","07","08","","23.0","","17.0","","20.0","","0.0","","2.0","","12.4","","0.0","","12.4","","0","","","","",""
"-72.48","45.88","DRUMMONDVILLE","7022160","2017-07-09","2017","07","09","","24.3","","14.0","","19.2","","0.0","","1.2","","1.8","","0.0","","1.8","","0","","","","",""
"-72.48","45.88","DRUMMONDVILLE","7022160","2017-07-10","2017","07","10","","24.7","","16.3","","20.5","","0.0","","2.5","","","M","0.0","","","M","0","","","","",""
"-72.48","45.88","DRUMMONDVILLE","7022160","2017-07-11","2017","07","11","","27.3","","17.6","","22.5","","0.0","","4.5","","","M","0.0","","","M","","M","","","",""
"-72.48","45.88","DRUMMONDVILLE","7022160","2017-07-12","2017","07","12","","19.0","","14.5","","16.8","","1.2","","0.0","","4.0","","0.0","","4.0","","0","T","","","",""
"-72.48","45.88","DRUMMONDVILLE","7022160","2017-07-13","2017","07","13","","23.0","","12.5","","17.8","","0.2","","0.0","","0.0","","0.0","","0.0","","0","","","","",""
"-72.48","45.88","DRUMMONDVILLE","7022160","2017-07-14","2017","07","14","","24.0","","12.0","","18.0","","0.0","","0.0","","9.0","","0.0","","9.0","","0","","","","",""
"-72.48","45.88","DRUMMONDVILLE","7022160","2017-07-15","2017","07","15","","25.0","","16.0","","20.5","","0.0","","2.5","","0.6","","0.0","","0.6","","0","","","","",""
"-72.48","45.88","DRUMMONDVILLE","7022160","2017-07-16","2017","07","16","","25.2","","17.5","","21.4","","0.0","","3.4","","","M","0.0","","","M","0","","","","",""
"-72.48","45.88","DRUMMONDVILLE","7022160","2017-07-17","2017","07","17","","26.2","","17.2","","21.7","","0.0","","3.7","","","M","0.0","","","M","0","","","","",""
"-72.48","45.88","DRUMMONDVILLE","7022160","2017-07-18","2017","07","18","","28.0","","16.0","","22.0","","0.0","","4.0","","0.0","","0.0","","0.0","","0","","","","",""
"-72.48","45.88","DRUMMONDVILLE","7022160","2017-07-19","2017","07","19","","27.0","","18.0","","22.5","","0.0","","4.5","","0.8","","0.0","","0.8","","0","","","","",""
"-72.48","45.88","DRUMMONDVILLE","7022160","2017-07-20","2017","07","20","","27.7","","17.5","","22.6","","0.0","","4.6","","","M","0.0","","","M","0","","","","",""
"-72.48","45.88","DRUMMONDVILLE","7022160","2017-07-21","2017","07","21","","27.0","","16.0","","21.5","","0.0","","3.5","","12.6","","0.0","","12.6","","0","","","","",""
"-72.48","45.88","DRUMMONDVILLE","7022160","2017-07-22","2017","07","22","","24.0","","15.0","","19.5","","0.0","","1.5","","0.0","","0.0","","0.0","","0","","","","",""
"-72.48","45.88","DRUMMONDVILLE","7022160","2017-07-23","2017","07","23","","22.3","","11.4","","16.9","","1.1","","0.0","","","M","0.0","","","M","0","","","","",""
"-72.48","45.88","DRUMMONDVILLE","7022160","2017-07-24","2017","07","24","","16.5","","11.0","","13.8","","4.2","","0.0","","","M","0.0","","","M","0","","","","",""
"-72.48","45.88","DRUMMONDVILLE","7022160","2017-07-25","2017","07","25","","23.3","","11.5","","17.4","","0.6","","0.0","","","M","0.0","","","M","0","","","","",""
"-72.48","45.88","DRUMMONDVILLE","7022160","2017-07-26","2017","07","26","","25.1","","12.7","","18.9","","0.0","","0.9","","","M","0.0","","","M","0","","","","",""
"-72.48","45.88","DRUMMONDVILLE","7022160","2017-07-27","2017","07","27","","25.0","","16.5","","20.8","","0.0","","2.8","","0.4","","0.0","","0.4","","0","","","","",""
"-72.48","45.88","DRUMMONDVILLE","7022160","2017-07-28","2017","07","28","","22.5","","13.0","","17.8","","0.2","","0.0","","0.0","","0.0","","0.0","","0","","","","",""
"-72.48","45.88","DRUMMONDVILLE","7022160","2017-07-29","2017","07","29","","22.5","","9.5","","16.0","","2.0","","0.0","","0.0","","0.0","","0.0","","0","","","","",""
"-72.48","45.88","DRUMMONDVILLE","7022160","2017-07-30","2017","07","30","","26.0","","10.5","","18.3","","0.0","","0.3","","0.0","","0.0","","0.0","","0","","","","",""
"-72.48","45.88","DRUMMONDVILLE","7022160","2017-07-31","2017","07","31","","27.5","","16.5","","22.0","","0.0","","4.0","","0.0","","0.0","","0.0","","0","","","","",""
"-72.48","45.88","DRUMMONDVILLE","7022160","2017-08-01","2017","08","01","","27.0","","14.0","","20.5","","0.0","","2.5","","","M","0.0","","","M","0","","","","",""
"-72.48","45.88","DRUMMONDVILLE","7022160","2017-08-02","2017","08","02","","29.6","","15.0","","22.3","","0.0","","4.3","","","M","0.0","","","M","0","","","","",""
"-72.48","45.88","DRUMMONDVILLE","7022160","2017-08-03","2017","08","03","","27.4","","17.2","","22.3","","0.0","","4.3","","","M","0.0","","","M","0","","","","",""
"-72.48","45.88","DRUMMONDVILLE","7022160","2017-08-04","2017","08","04","","30.5","","18.0","","24.3","","0.0","","6.3","","","M","0.0","","","M","0","","","","",""
"-72.48","45.88","DRUMMONDVILLE","7022160","2017-08-05","2017","08","05","","24.0","","16.0","","20.0","","0.0","","2.0","","13.4","","0.0","","13.4","","0","","","","",""
"-72.48","45.88","DRUMMONDVILLE","7022160","2017-08-06","2017","08","06","","21.0","","12.0","","16.5","","1.5","","0.0","","0.0","","0.0","","0.0","","0","","","","",""
"-72.48","45.88","DRUMMONDVILLE","7022160","2017-08-07","2017","08","07","","21.5","","9.5","","15.5","","2.5","","0.0","","0.0","","0.0","","0.0","","0","","","","",""
"-72.48","45.88","DRUMMONDVILLE","7022160","2017-08-08","2017","08","08","","23.0","","11.0","","17.0","","1.0","","0.0","","0.5","","0.0","","0.5","","0","","","","",""
"-72.48","45.88","DRUMMONDVILLE","7022160","2017-08-09","2017","08","09","","25.0","","14.0","","19.5","","0.0","","1.5","","0.4","","0.0","","0.4","","0","","","","",""
"-72.48","45.88","DRUMMONDVILLE","7022160","2017-08-10","2017","08","10","","25.0","","12.5","","18.8","","0.0","","0.8","","0.0","","0.0","","0.0","","0","","","","",""
"-72.48","45.88","DRUMMONDVILLE","7022160","2017-08-11","2017","08","11","","29.0","","16.5","","22.8","","0.0","","4.8","","","M","0.0","","","M","0","","","","",""
"-72.48","45.88","DRUMMONDVILLE","7022160","2017-08-12","2017","08","12","","26.0","","16.5","","21.3","","0.0","","3.3","","","M","0.0","","","M","0","","","","",""
"-72.48","45.88","DRUMMONDVILLE","7022160","2017-08-13","2017","08","13","","26.0","","16.0","","21.0","","0.0","","3.0","","0.0","","0.0","","0.0","","0","","","","",""
"-72.48","45.88","DRUMMONDVILLE","7022160","2017-08-14","2017","08","14","","27.0","","14.0","","20.5","","0.0","","2.5","","0.0","T","0.0","","0.0","T","0","","","","",""
"-72.48","45.88","DRUMMONDVILLE","7022160","2017-08-15","2017","08","15","","25.0","","17.0","","21.0","","0.0","","3.0","","1.4","","0.0","","1.4","","0","","","","",""
"-72.48","45.88","DRUMMONDVILLE","7022160","2017-08-16","2017","08","16","","22.0","","13.0","","17.5","","0.5","","0.0","","0.0","","0.0","","0.0","","0","","","","",""
"-72.48","45.88","DRUMMONDVILLE","7022160","2017-08-17","2017","08","17","","24.5","","11.0","","17.8","","0.2","","0.0","","2.0","","0.0","","2.0","","0","","","","",""
"-72.48","45.88","DRUMMONDVILLE","7022160","2017-08-18","2017","08","18","","24.4","","14.0","","19.2","","0.0","","1.2","","4.0","","0.0","","4.0","","0","","","","",""
"-72.48","45.88","DRUMMONDVILLE","7022160","2017-08-19","2017","08","19","","27.0","","18.0","","22.5","","0.0","","4.5","","4.0","","0.0","","4.0","","0","","","","",""
"-72.48","45.88","DRUMMONDVILLE","7022160","2017-08-20","2017","08","20","","25.5","","16.7","","21.1","","0.0","","3.1","","","M","0.0","","","M","0","","","","",""
"-72.48","45.88","DRUMMONDVILLE","7022160","2017-08-21","2017","08","21","","27.4","","17.0","","22.2","","0.0","","4.2","","","M","0.0","","","M","0","","","","",""
"-72.48","45.88","DRUMMONDVILLE","7022160","2017-08-22","2017","08","22","","26.2","","18.8","","22.5","","0.0","","4.5","","","M","0.0","","","M","","M","","","",""
"-72.48","45.88","DRUMMONDVILLE","7022160","2017-08-23","2017","08","23","","21.9","","17.0","","19.5","","0.0","","1.5","","","M","0.0","","","M","0","","","","",""
"-72.48","45.88","DRUMMONDVILLE","7022160","2017-08-24","2017","08","24","","21.0","","13.0","","17.0","","1.0","","0.0","","0.0","","0.0","","0.0","","0","","","","",""
"-72.48","45.88","DRUMMONDVILLE","7022160","2017-08-25","2017","08","25","","21.0","","9.5","","15.3","","2.7","","0.0","","0.0","","0.0","","0.0","","0","","","","",""
"-72.48","45.88","DRUMMONDVILLE","7022160","2017-08-26","2017","08","26","","21.0","","7.0","","14.0","","4.0","","0.0","","0.0","","0.0","","0.0","","0","","","","",""
"-72.48","45.88","DRUMMONDVILLE","7022160","2017-08-27","2017","08","27","","22.0","","8.0","","15.0","","3.0","","0.0","","0.2","","0.0","","0.2","","0","","","","",""
"-72.48","45.88","DRUMMONDVILLE","7022160","2017-08-28","2017","08","28","","24.0","","9.0","","16.5","","1.5","","0.0","","0.0","","0.0","","0.0","","0","","","","",""
"-72.48","45.88","DRUMMONDVILLE","7022160","2017-08-29","2017","08","29","","25.0","","11.0","","18.0","","0.0","","0.0","","0.0","","0.0","","0.0","","0","","","","",""
"-72.48","45.88","DRUMMONDVILLE","7022160","2017-08-30","2017","08","30","","23.0","","10.0","","16.5","","1.5","","0.0","","3.0","","0.0","","3.0","","0","","","","",""
"-72.48","45.88","DRUMMONDVILLE","7022160","2017-08-31","2017","08","31","","19.0","","12.5","","15.8","","2.2","","0.0","","0.4","","0.0","","0.4","","0","","","","",""
"-72.48","45.88","DRUMMONDVILLE","7022160","2017-09-01","2017","09","01","","16.0","","5.0","","10.5","","7.5","","0.0","","0.0","","0.0","","0.0","","0","","","","",""
"-72.48","45.88","DRUMMONDVILLE","7022160","2017-09-02","2017","09","02","","20.0","","5.2","","12.6","","5.4","","0.0","","0.0","","0.0","","0.0","","0","","","","",""
"-72.48","45.88","DRUMMONDVILLE","7022160","2017-09-03","2017","09","03","","15.0","","8.0","","11.5","","6.5","","0.0","","21.8","","0.0","","21.8","","0","","","","",""
"-72.48","45.88","DRUMMONDVILLE","7022160","2017-09-04","2017","09","04","","24.0","","11.0","","17.5","","0.5","","0.0","","4.2","","0.0","","4.2","","0","","","","",""
"-72.48","45.88","DRUMMONDVILLE","7022160","2017-09-05","2017","09","05","","21.0","","17.0","","19.0","","0.0","","1.0","","0.0","","0.0","","0.0","","0","","","","",""
"-72.48","45.88","DRUMMONDVILLE","7022160","2017-09-06","2017","09","06","","18.0","","12.0","","15.0","","3.0","","0.0","","9.0","","0.0","","9.0","","0","","","","",""
"-72.48","45.88","DRUMMONDVILLE","7022160","2017-09-07","2017","09","07","","17.0","","13.0","","15.0","","3.0","","0.0","","2.0","","0.0","","2.0","","0","","","","",""
"-72.48","45.88","DRUMMONDVILLE","7022160","2017-09-08","2017","09","08","","19.0","","10.5","","14.8","","3.2","","0.0","","1.2","","0.0","","1.2","","0","","","","",""
"-72.48","45.88","DRUMMONDVILLE","7022160","2017-09-09","2017","09","09","","20.0","","9.5","","14.8","","3.2","","0.0","","0.2","","0.0","","0.2","","0","","","","",""
"-72.48","45.88","DRUMMONDVILLE","7022160","2017-09-10","2017","09","10","","20.0","","6.5","","13.3","","4.7","","0.0","","0.0","","0.0","","0.0","","0","","","","",""
"-72.48","45.88","DRUMMONDVILLE","7022160","2017-09-11","2017","09","11","","23.0","","8.2","","15.6","","2.4","","0.0","","0.0","","0.0","","0.0","","0","","","","",""
"-72.48","45.88","DRUMMONDVILLE","7022160","2017-09-12","2017","09","12","","23.7","","11.0","","17.4","","0.6","","0.0","","0.0","","0.0","","0.0","","0","","","","",""
"-72.48","45.88","DRUMMONDVILLE","7022160","2017-09-13","2017","09","13","","25.0","","11.5","","18.3","","0.0","","0.3","","0.0","","0.0","","0.0","","0","","","","",""
"-72.48","45.88","DRUMMONDVILLE","7022160","2017-09-14","2017","09","14","","27.0","","13.0","","20.0","","0.0","","2.0","","0.0","","0.0","","0.0","","0","","","","",""
"-72.48","45.88","DRUMMONDVILLE","7022160","2017-09-15","2017","09","15","","25.7","","13.2","","19.5","","0.0","","1.5","","","M","0.0","","","M","0","","","","",""
"-72.48","45.88","DRUMMONDVILLE","7022160","2017-09-16","2017","09","16","","27.0","","13.0","","20.0","","0.0","","2.0","","0.0","","0.0","","0.0","","0","","","","",""
"-72.48","45.88","DRUMMONDVILLE","7022160","2017-09-17","2017","09","17","","28.0","","15.0","","21.5","","0.0","","3.5","","0.0","","0.0","","0.0","","0","","","","",""
"-72.48","45.88","DRUMMONDVILLE","7022160","2017-09-18","2017","09","18","","26.5","","13.0","","19.8","","0.0","","1.8","","0.0","","0.0","","0.0","","0","","","","",""
"-72.48","45.88","DRUMMONDVILLE","7022160","2017-09-19","2017","09","19","","27.0","","16.5","","21.8","","0.0","","3.8","","0.0","","0.0","","0.0","","0","","","","",""
"-72.48","45.88","DRUMMONDVILLE","7022160","2017-09-20","2017","09","20","","26.0","","13.0","","19.5","","0.0","","1.5","","0.0","","0.0","","0.0","","","M","","","",""
"-72.48","45.88","DRUMMONDVILLE","7022160","2017-09-21","2017","09","21","","25.0","","10.0","","17.5","","0.5","","0.0","","0.0","","0.0","","0.0","","0","","","","",""
"-72.48","45.88","DRUMMONDVILLE","7022160","2017-09-22","2017","09","22","","26.0","","9.5","","17.8","","0.2","","0.0","","0.0","","0.0","","0.0","","0","","","","",""
"-72.48","45.88","DRUMMONDVILLE","7022160","2017-09-23","2017","09","23","","29.0","","13.1","","21.1","","0.0","","3.1","","0.0","","0.0","","0.0","","0","","","","",""
"-72.48","45.88","DRUMMONDVILLE","7022160","2017-09-24","2017","09","24","","31.0","","18.0","","24.5","","0.0","","6.5","","0.0","","0.0","","0.0","","0","","","","",""
"-72.48","45.88","DRUMMONDVILLE","7022160","2017-09-25","2017","09","25","","32.0","","18.0","","25.0","","0.0","","7.0","","0.0","","0.0","","0.0","","0","","","","",""
"-72.48","45.88","DRUMMONDVILLE","7022160","2017-09-26","2017","09","26","","31.0","","18.0","","24.5","","0.0","","6.5","","0.0","","0.0","","0.0","","0","","","","",""
"-72.48","45.88","DRUMMONDVILLE","7022160","2017-09-27","2017","09","27","","30.5","","19.0","","24.8","","0.0","","6.8","","11.5","","0.0","","11.5","","0","","","","",""
"-72.48","45.88","DRUMMONDVILLE","7022160","2017-09-28","2017","09","28","","16.0","","11.0","","13.5","","4.5","","0.0","","0.4","","0.0","","0.4","","0","","","","",""
"-72.48","45.88","DRUMMONDVILLE","7022160","2017-09-29","2017","09","29","","13.0","","3.5","","8.3","","9.7","","0.0","","0.0","","0.0","","0.0","","0","","","","",""
"-72.48","45.88","DRUMMONDVILLE","7022160","2017-09-30","2017","09","30","","15.0","","3.0","","9.0","","9.0","","0.0","","0.0","","0.0","","0.0","","0","","","","",""
"-72.48","45.88","DRUMMONDVILLE","7022160","2017-10-01","2017","10","01","","18.0","","2.0","","10.0","","8.0","","0.0","","0.0","","0.0","","0.0","","0","","","","",""
"-72.48","45.88","DRUMMONDVILLE","7022160","2017-10-02","2017","10","02","","19.0","","4.0","","11.5","","6.5","","0.0","","0.0","","0.0","","0.0","","0","","","","",""
"-72.48","45.88","DRUMMONDVILLE","7022160","2017-10-03","2017","10","03","","23.0","","4.5","","13.8","","4.2","","0.0","","0.0","","0.0","","0.0","","0","","","","",""
"-72.48","45.88","DRUMMONDVILLE","7022160","2017-10-04","2017","10","04","","24.5","","12.0","","18.3","","0.0","","0.3","","25.0","","0.0","","25.0","","0","","","","",""
"-72.48","45.88","DRUMMONDVILLE","7022160","2017-10-05","2017","10","05","","19.0","","9.0","","14.0","","4.0","","0.0","","0.2","","0.0","","0.2","","0","","","","",""
"-72.48","45.88","DRUMMONDVILLE","7022160","2017-10-06","2017","10","06","","18.0","","10.0","","14.0","","4.0","","0.0","","0.2","","0.0","","0.2","","0","","","","",""
"-72.48","45.88","DRUMMONDVILLE","7022160","2017-10-07","2017","10","07","","21.0","","8.0","","14.5","","3.5","","0.0","","","M","0.0","","","M","0","","","","",""
"-72.48","45.88","DRUMMONDVILLE","7022160","2017-10-08","2017","10","08","","24.0","","16.5","","20.3","","0.0","","2.3","","","M","0.0","","","M","0","","","","",""
"-72.48","45.88","DRUMMONDVILLE","7022160","2017-10-09","2017","10","09","","16.6","","15.0","","15.8","","2.2","","0.0","","27.0","","0.0","","27.0","","0","","","","",""
"-72.48","45.88","DRUMMONDVILLE","7022160","2017-10-10","2017","10","10","","23.0","","13.0","","18.0","","0.0","","0.0","","1.0","","0.0","","1.0","","0","","","","",""
"-72.48","45.88","DRUMMONDVILLE","7022160","2017-10-11","2017","10","11","","11.1","","5.0","","8.1","","9.9","","0.0","","0.0","","0.0","","0.0","","0","","","","",""
"-72.48","45.88","DRUMMONDVILLE","7022160","2017-10-12","2017","10","12","","15.0","","1.0","","8.0","","10.0","","0.0","","0.0","","0.0","","0.0","","0","","","","",""
"-72.48","45.88","DRUMMONDVILLE","7022160","2017-10-13","2017","10","13","","19.0","","3.0","","11.0","","7.0","","0.0","","0.0","","0.0","","0.0","","0","","","","",""
"-72.48","45.88","DRUMMONDVILLE","7022160","2017-10-14","2017","10","14","","19.0","","12.0","","15.5","","2.5","","0.0","","5.0","","0.0","","5.0","","0","","","","",""
"-72.48","45.88","DRUMMONDVILLE","7022160","2017-10-15","2017","10","15","","22.5","","12.0","","17.3","","0.7","","0.0","","","M","0.0","","","M","0","","","","",""
"-72.48","45.88","DRUMMONDVILLE","7022160","2017-10-16","2017","10","16","","7.5","","4.0","","5.8","","12.2","","0.0","","0.0","","0.0","","0.0","","","M","","","",""
"-72.48","45.88","DRUMMONDVILLE","7022160","2017-10-17","2017","10","17","","12.0","","-0.4","","5.8","","12.2","","0.0","","0.0","","0.0","","0.0","","0","","","","",""
"-72.48","45.88","DRUMMONDVILLE","7022160","2017-10-18","2017","10","18","","18.0","","7.2","","12.6","","5.4","","0.0","","0.0","","0.0","","0.0","","0","","","","",""
"-72.48","45.88","DRUMMONDVILLE","7022160","2017-10-19","2017","10","19","","21.0","","10.4","","15.7","","2.3","","0.0","","0.0","","0.0","","0.0","","0","","","","",""
"-72.48","45.88","DRUMMONDVILLE","7022160","2017-10-20","2017","10","20","","17.5","","6.0","","11.8","","6.2","","0.0","","0.0","","0.0","","0.0","","0","","","","",""
"-72.48","45.88","DRUMMONDVILLE","7022160","2017-10-21","2017","10","21","","19.5","","6.2","","12.9","","5.1","","0.0","","0.0","","0.0","","0.0","","0","","","","",""
"-72.48","45.88","DRUMMONDVILLE","7022160","2017-10-22","2017","10","22","","24.0","","8.6","","16.3","","1.7","","0.0","","0.0","","0.0","","0.0","","0","","","","",""
"-72.48","45.88","DRUMMONDVILLE","7022160","2017-10-23","2017","10","23","","24.0","","8.5","","16.3","","1.7","","0.0","","0.0","","0.0","","0.0","","0","","","","",""
"-72.48","45.88","DRUMMONDVILLE","7022160","2017-10-24","2017","10","24","","25.0","","14.0","","19.5","","0.0","","1.5","","2.0","","0.0","","2.0","","0","","","","",""
"-72.48","45.88","DRUMMONDVILLE","7022160","2017-10-25","2017","10","25","","17.3","","13.1","","15.2","","2.8","","0.0","","3.1","","0.0","","3.1","","0","","","","",""
"-72.48","45.88","DRUMMONDVILLE","7022160","2017-10-26","2017","10","26","","10.5","","7.5","","9.0","","9.0","","0.0","","16.6","","0.0","","16.6","","0","","","","",""
"-72.48","45.88","DRUMMONDVILLE","7022160","2017-10-27","2017","10","27","","10.0","","6.2","","8.1","","9.9","","0.0","","0.0","","0.0","","0.0","","0","","","","",""
"-72.48","45.88","DRUMMONDVILLE","7022160","2017-10-28","2017","10","28","","20.0","","4.0","","12.0","","6.0","","0.0","","0.0","","0.0","","0.0","","0","","","","",""
"-72.48","45.88","DRUMMONDVILLE","7022160","2017-10-29","2017","10","29","","19.0","","9.6","","14.3","","3.7","","0.0","","","M","0.0","","","M","0","","","","",""
"-72.48","45.88","DRUMMONDVILLE","7022160","2017-10-30","2017","10","30","","18.1","","7.5","","12.8","","5.2","","0.0","","","M","0.0","","","M","0","","","","",""
"-72.48","45.88","DRUMMONDVILLE","7022160","2017-10-31","2017","10","31","","9.9","","4.9","","7.4","","10.6","","0.0","","","M","0.0","","","M","0","","","","",""
"-72.48","45.88","DRUMMONDVILLE","7022160","2017-11-01","2017","11","01","","8.2","","0.0","","4.1","","13.9","","0.0","","","M","0.0","","","M","0","","","","",""
"-72.48","45.88","DRUMMONDVILLE","7022160","2017-11-02","2017","11","02","","16.3","","4.7","","10.5","","7.5","","0.0","","20.6","","0.0","","20.6","","","M","","","",""
"-72.48","45.88","DRUMMONDVILLE","7022160","2017-11-03","2017","11","03","","13.0","","8.0","","10.5","","7.5","","0.0","","0.4","","0.0","","0.4","","0","","","","",""
"-72.48","45.88","DRUMMONDVILLE","7022160","2017-11-04","2017","11","04","","6.0","","-1.5","","2.3","","15.7","","0.0","","0.2","","0.0","","0.2","","0","","","","",""
"-72.48","45.88","DRUMMONDVILLE","7022160","2017-11-05","2017","11","05","","15.0","","1.0","","8.0","","10.0","","0.0","","12.0","","0.0","","12.0","","0","","","","",""
"-72.48","45.88","DRUMMONDVILLE","7022160","2017-11-06","2017","11","06","","14.0","","5.0","","9.5","","8.5","","0.0","","2.0","","0.0","","2.0","","0","","","","",""
"-72.48","45.88","DRUMMONDVILLE","7022160","2017-11-07","2017","11","07","","4.0","","0.0","","2.0","","16.0","","0.0","","0.0","","0.0","","0.0","","0","","","","",""
"-72.48","45.88","DRUMMONDVILLE","7022160","2017-11-08","2017","11","08","","6.0","","-3.8","","1.1","","16.9","","0.0","","0.0","","0.0","","0.0","","0","","","","",""
"-72.48","45.88","DRUMMONDVILLE","7022160","2017-11-09","2017","11","09","","8.0","","-1.0","","3.5","","14.5","","0.0","","0.4","","0.0","T","0.4","","0","","","","",""
"-72.48","45.88","DRUMMONDVILLE","7022160","2017-11-10","2017","11","10","","-5.0","","-8.3","","-6.7","","24.7","","0.0","","0.0","","0.0","","0.0","","0","","","","",""
"-72.48","45.88","DRUMMONDVILLE","7022160","2017-11-11","2017","11","11","","-1.0","","-9.6","","-5.3","","23.3","","0.0","","0.0","","0.0","","0.0","","","M","","","",""
"-72.48","45.88","DRUMMONDVILLE","7022160","2017-11-12","2017","11","12","","1.0","","-6.9","","-3.0","","21.0","","0.0","","0.0","","0.0","","0.0","","0","","","","",""
"-72.48","45.88","DRUMMONDVILLE","7022160","2017-11-13","2017","11","13","","2.0","","-7.8","","-2.9","","20.9","","0.0","","0.0","","0.0","","0.0","","","M","","","",""
"-72.48","45.88","DRUMMONDVILLE","7022160","2017-11-14","2017","11","14","","3.5","","-1.6","","1.0","","17.0","","0.0","","0.0","","0.0","","0.0","","0","","","","",""
"-72.48","45.88","DRUMMONDVILLE","7022160","2017-11-15","2017","11","15","","6.0","","-4.7","","0.7","","17.3","","0.0","","5.0","","0.0","","5.0","","0","","","","",""
"-72.48","45.88","DRUMMONDVILLE","7022160","2017-11-16","2017","11","16","","8.0","","-0.5","","3.8","","14.2","","0.0","","5.0","","0.0","T","5.0","","0","","","","",""
"-72.48","45.88","DRUMMONDVILLE","7022160","2017-11-17","2017","11","17","","-1.0","","-3.0","","-2.0","","20.0","","0.0","","0.0","","0.0","","0.0","","0","T","","","",""
"-72.48","45.88","DRUMMONDVILLE","7022160","2017-11-18","2017","11","18","","4.0","","-7.0","","-1.5","","19.5","","0.0","","0.0","T","0.0","","0.0","T","0","","","","",""
"-72.48","45.88","DRUMMONDVILLE","7022160","2017-11-19","2017","11","19","","3.0","","-2.0","","0.5","","17.5","","0.0","","0.0","T","4.0","","4.0","","0","","","","",""
"-72.48","45.88","DRUMMONDVILLE","7022160","2017-11-20","2017","11","20","","-0.5","","-8.2","","-4.4","","22.4","","0.0","","0.0","","0.0","","0.0","","8","","","","",""
"-72.48","45.88","DRUMMONDVILLE","7022160","2017-11-21","2017","11","21","","8.9","","-10.0","","-0.6","","18.6","","0.0","","0.0","","0.0","","0.0","","5","","","","",""
"-72.48","45.88","DRUMMONDVILLE","7022160","2017-11-22","2017","11","22","","3.7","","0.0","","1.9","","16.1","","0.0","","3.5","","0.0","","3.5","","0","","","","",""
"-72.48","45.88","DRUMMONDVILLE","7022160","2017-11-23","2017","11","23","","1.5","","-7.1","","-2.8","","20.8","","0.0","","0.0","","0.0","T","0.0","T","0","","","","",""
"-72.48","45.88","DRUMMONDVILLE","7022160","2017-11-24","2017","11","24","","4.9","","-3.0","","1.0","","17.0","","0.0","","1.0","","0.0","","1.0","","0","T","","","",""
"-72.48","45.88","DRUMMONDVILLE","7022160","2017-11-25","2017","11","25","","10.0","","4.0","","7.0","","11.0","","0.0","","5.0","","2.0","","7.0","","0","","","","",""
"-72.48","45.88","DRUMMONDVILLE","7022160","2017-11-26","2017","11","26","","-1.0","","-3.0","","-2.0","","20.0","","0.0","","0.0","","4.0","","4.0","","0","T","","","",""
"-72.48","45.88","DRUMMONDVILLE","7022160","2017-11-27","2017","11","27","","-4.7","","-9.0","","-6.9","","24.9","","0.0","","0.0","","0.0","","0.0","","4","","","","",""
"-72.48","45.88","DRUMMONDVILLE","7022160","2017-11-28","2017","11","28","","8.0","","-15.0","","-3.5","","21.5","","0.0","","0.0","","0.0","","0.0","","4","","","","",""
"-72.48","45.88","DRUMMONDVILLE","7022160","2017-11-29","2017","11","29","","6.0","","-1.0","","2.5","","15.5","","0.0","","0.0","","0.0","","0.0","","0","","","","",""
"-72.48","45.88","DRUMMONDVILLE","7022160","2017-11-30","2017","11","30","","4.0","","-7.0","","-1.5","","19.5","","0.0","","5.6","","0.0","","5.6","","0","","","","",""
"-72.48","45.88","DRUMMONDVILLE","7022160","2017-12-01","2017","12","01","","4.0","","1.0","","2.5","","15.5","","0.0","","0.0","","0.0","","0.0","","0","","","","",""
"-72.48","45.88","DRUMMONDVILLE","7022160","2017-12-02","2017","12","02","","3.0","","-1.0","","1.0","","17.0","","0.0","","0.0","","0.0","","0.0","","0","","","","",""
"-72.48","45.88","DRUMMONDVILLE","7022160","2017-12-03","2017","12","03","","5.5","","-1.5","","2.0","","16.0","","0.0","","0.0","","0.0","","0.0","","0","","","","",""
"-72.48","45.88","DRUMMONDVILLE","7022160","2017-12-04","2017","12","04","","4.5","","-2.0","","1.3","","16.7","","0.0","","","M","0.0","","","M","0","","","","",""
"-72.48","45.88","DRUMMONDVILLE","7022160","2017-12-05","2017","12","05","","8.0","","0.0","","4.0","","14.0","","0.0","","18.8","","0.0","","18.8","","","M","","","",""
"-72.48","45.88","DRUMMONDVILLE","7022160","2017-12-06","2017","12","06","","3.0","","1.5","","2.3","","15.7","","0.0","","0.2","","0.0","","0.2","","0","","","","",""
"-72.48","45.88","DRUMMONDVILLE","7022160","2017-12-07","2017","12","07","","1.0","","-1.0","","0.0","","18.0","","0.0","","0.0","","0.0","","0.0","","0","","","","",""
"-72.48","45.88","DRUMMONDVILLE","7022160","2017-12-08","2017","12","08","","0.0","","-3.0","","-1.5","","19.5","","0.0","","0.0","","0.0","","0.0","","0","","","","",""
"-72.48","45.88","DRUMMONDVILLE","7022160","2017-12-09","2017","12","09","","0.0","","-4.0","","-2.0","","20.0","","0.0","","0.0","","0.0","","0.0","","0","","","","",""
"-72.48","45.88","DRUMMONDVILLE","7022160","2017-12-10","2017","12","10","","-2.0","","-5.0","","-3.5","","21.5","","0.0","","0.0","","3.5","","3.5","","0","","","","",""
"-72.48","45.88","DRUMMONDVILLE","7022160","2017-12-11","2017","12","11","","-8.0","","-13.0","","-10.5","","28.5","","0.0","","0.0","","3.0","","3.0","","5","","","","",""
"-72.48","45.88","DRUMMONDVILLE","7022160","2017-12-12","2017","12","12","","-5.0","","-14.0","","-9.5","","27.5","","0.0","","0.0","","17.0","","17.0","","7","","","","",""
"-72.48","45.88","DRUMMONDVILLE","7022160","2017-12-13","2017","12","13","","-9.0","","-12.0","","-10.5","","28.5","","0.0","","0.0","","4.0","","4.0","","20","","","","",""
"-72.48","45.88","DRUMMONDVILLE","7022160","2017-12-14","2017","12","14","","-15.0","","-19.0","","-17.0","","35.0","","0.0","","0.0","","0.0","","0.0","","16","","","","",""
"-72.48","45.88","DRUMMONDVILLE","7022160","2017-12-15","2017","12","15","","-11.0","","-19.0","","-15.0","","33.0","","0.0","","0.0","","2.0","","2.0","","13","","","","",""
"-72.48","45.88","DRUMMONDVILLE","7022160","2017-12-16","2017","12","16","","-9.0","","-16.0","","-12.5","","30.5","","0.0","","0.0","","1.0","","1.0","","15","","","","",""
"-72.48","45.88","DRUMMONDVILLE","7022160","2017-12-17","2017","12","17","","-13.0","","-19.0","","-16.0","","34.0","","0.0","","0.0","","0.0","","0.0","","15","","","","",""
"-72.48","45.88","DRUMMONDVILLE","7022160","2017-12-18","2017","12","18","","-7.1","","-22.0","","-14.6","","32.6","","0.0","","0.0","","","M","","M","10","","","","",""
"-72.48","45.88","DRUMMONDVILLE","7022160","2017-12-19","2017","12","19","","3.0","","-10.9","","-4.0","","22.0","","0.0","","0.0","","0.0","T","0.0","T","","M","","","",""
"-72.48","45.88","DRUMMONDVILLE","7022160","2017-12-20","2017","12","20","","-1.0","","-9.0","","-5.0","","23.0","","0.0","","0.0","","0.4","","0.4","","17","","","","",""
"-72.48","45.88","DRUMMONDVILLE","7022160","2017-12-21","2017","12","21","","-11.0","","-17.0","","-14.0","","32.0","","0.0","","0.0","","0.0","","0.0","","17","","","","",""
"-72.48","45.88","DRUMMONDVILLE","7022160","2017-12-22","2017","12","22","","-7.0","","-22.0","","-14.5","","32.5","","0.0","","0.0","","1.0","","1.0","","15","","","","",""
"-72.48","45.88","DRUMMONDVILLE","7022160","2017-12-23","2017","12","23","","-4.0","","-14.3","","-9.2","","27.2","","0.0","","0.0","","10.0","","10.0","","17","","","","",""
"-72.48","45.88","DRUMMONDVILLE","7022160","2017-12-24","2017","12","24","","-4.0","","-13.1","","-8.6","","26.6","","0.0","","0.0","","8.0","","8.0","","30","","","","",""
"-72.48","45.88","DRUMMONDVILLE","7022160","2017-12-25","2017","12","25","","-7.0","","-13.0","","-10.0","","28.0","","0.0","","0.0","","2.0","","2.0","","31","","","","",""
"-72.48","45.88","DRUMMONDVILLE","7022160","2017-12-26","2017","12","26","","-11.0","","-15.0","","-13.0","","31.0","","0.0","","0.0","","0.0","","0.0","","32","","","","",""
"-72.48","45.88","DRUMMONDVILLE","7022160","2017-12-27","2017","12","27","","-19.0","","-24.0","","-21.5","","39.5","","0.0","","0.0","","0.0","","0.0","","26","","","","",""
"-72.48","45.88","DRUMMONDVILLE","7022160","2017-12-28","2017","12","28","","-21.0","","-26.0","","-23.5","","41.5","","0.0","","0.0","","0.0","","0.0","","25","","","","",""
"-72.48","45.88","DRUMMONDVILLE","7022160","2017-12-29","2017","12","29","","-20.5","","-27.0","","-23.8","","41.8","","0.0","","0.0","","0.0","T","0.0","T","28","","","","",""
"-72.48","45.88","DRUMMONDVILLE","7022160","2017-12-30","2017","12","30","","-17.5","","-27.0","","-22.3","","40.3","","0.0","","0.0","","0.0","","0.0","","28","","","","",""
"-72.48","45.88","DRUMMONDVILLE","7022160","2017-12-31","2017","12","31","","-19.0","","-27.5","","-23.3","","41.3","","0.0","","0.0","","0.0","","0.0","","28","","","","",""
